buddy_2nd_gate_consumer_00001,wxid_buddy_2nd_gate_consumer_00001
buddy_2nd_gate_consumer_00002,wxid_buddy_2nd_gate_consumer_00002
buddy_2nd_gate_consumer_00003,wxid_buddy_2nd_gate_consumer_00003
buddy_2nd_gate_consumer_00004,wxid_buddy_2nd_gate_consumer_00004
buddy_2nd_gate_consumer_00005,wxid_buddy_2nd_gate_consumer_00005
buddy_2nd_gate_consumer_00006,wxid_buddy_2nd_gate_consumer_00006
buddy_2nd_gate_consumer_00007,wxid_buddy_2nd_gate_consumer_00007
buddy_2nd_gate_consumer_00008,wxid_buddy_2nd_gate_consumer_00008
buddy_2nd_gate_consumer_00009,wxid_buddy_2nd_gate_consumer_00009
buddy_2nd_gate_consumer_00010,wxid_buddy_2nd_gate_consumer_00010
buddy_2nd_gate_consumer_00011,wxid_buddy_2nd_gate_consumer_00011
buddy_2nd_gate_consumer_00012,wxid_buddy_2nd_gate_consumer_00012
buddy_2nd_gate_consumer_00013,wxid_buddy_2nd_gate_consumer_00013
buddy_2nd_gate_consumer_00014,wxid_buddy_2nd_gate_consumer_00014
buddy_2nd_gate_consumer_00015,wxid_buddy_2nd_gate_consumer_00015
buddy_2nd_gate_consumer_00016,wxid_buddy_2nd_gate_consumer_00016
buddy_2nd_gate_consumer_00017,wxid_buddy_2nd_gate_consumer_00017
buddy_2nd_gate_consumer_00018,wxid_buddy_2nd_gate_consumer_00018
buddy_2nd_gate_consumer_00019,wxid_buddy_2nd_gate_consumer_00019
buddy_2nd_gate_consumer_00020,wxid_buddy_2nd_gate_consumer_00020
buddy_2nd_gate_consumer_00021,wxid_buddy_2nd_gate_consumer_00021
buddy_2nd_gate_consumer_00022,wxid_buddy_2nd_gate_consumer_00022
buddy_2nd_gate_consumer_00023,wxid_buddy_2nd_gate_consumer_00023
buddy_2nd_gate_consumer_00024,wxid_buddy_2nd_gate_consumer_00024
buddy_2nd_gate_consumer_00025,wxid_buddy_2nd_gate_consumer_00025
buddy_2nd_gate_consumer_00026,wxid_buddy_2nd_gate_consumer_00026
buddy_2nd_gate_consumer_00027,wxid_buddy_2nd_gate_consumer_00027
buddy_2nd_gate_consumer_00028,wxid_buddy_2nd_gate_consumer_00028
buddy_2nd_gate_consumer_00029,wxid_buddy_2nd_gate_consumer_00029
buddy_2nd_gate_consumer_00030,wxid_buddy_2nd_gate_consumer_00030
buddy_2nd_gate_consumer_00031,wxid_buddy_2nd_gate_consumer_00031
buddy_2nd_gate_consumer_00032,wxid_buddy_2nd_gate_consumer_00032
buddy_2nd_gate_consumer_00033,wxid_buddy_2nd_gate_consumer_00033
buddy_2nd_gate_consumer_00034,wxid_buddy_2nd_gate_consumer_00034
buddy_2nd_gate_consumer_00035,wxid_buddy_2nd_gate_consumer_00035
buddy_2nd_gate_consumer_00036,wxid_buddy_2nd_gate_consumer_00036
buddy_2nd_gate_consumer_00037,wxid_buddy_2nd_gate_consumer_00037
buddy_2nd_gate_consumer_00038,wxid_buddy_2nd_gate_consumer_00038
buddy_2nd_gate_consumer_00039,wxid_buddy_2nd_gate_consumer_00039
buddy_2nd_gate_consumer_00040,wxid_buddy_2nd_gate_consumer_00040
buddy_2nd_gate_consumer_00041,wxid_buddy_2nd_gate_consumer_00041
buddy_2nd_gate_consumer_00042,wxid_buddy_2nd_gate_consumer_00042
buddy_2nd_gate_consumer_00043,wxid_buddy_2nd_gate_consumer_00043
buddy_2nd_gate_consumer_00044,wxid_buddy_2nd_gate_consumer_00044
buddy_2nd_gate_consumer_00045,wxid_buddy_2nd_gate_consumer_00045
buddy_2nd_gate_consumer_00046,wxid_buddy_2nd_gate_consumer_00046
buddy_2nd_gate_consumer_00047,wxid_buddy_2nd_gate_consumer_00047
buddy_2nd_gate_consumer_00048,wxid_buddy_2nd_gate_consumer_00048
buddy_2nd_gate_consumer_00049,wxid_buddy_2nd_gate_consumer_00049
buddy_2nd_gate_consumer_00050,wxid_buddy_2nd_gate_consumer_00050
buddy_2nd_gate_consumer_00051,wxid_buddy_2nd_gate_consumer_00051
buddy_2nd_gate_consumer_00052,wxid_buddy_2nd_gate_consumer_00052
buddy_2nd_gate_consumer_00053,wxid_buddy_2nd_gate_consumer_00053
buddy_2nd_gate_consumer_00054,wxid_buddy_2nd_gate_consumer_00054
buddy_2nd_gate_consumer_00055,wxid_buddy_2nd_gate_consumer_00055
buddy_2nd_gate_consumer_00056,wxid_buddy_2nd_gate_consumer_00056
buddy_2nd_gate_consumer_00057,wxid_buddy_2nd_gate_consumer_00057
buddy_2nd_gate_consumer_00058,wxid_buddy_2nd_gate_consumer_00058
buddy_2nd_gate_consumer_00059,wxid_buddy_2nd_gate_consumer_00059
buddy_2nd_gate_consumer_00060,wxid_buddy_2nd_gate_consumer_00060
buddy_2nd_gate_consumer_00061,wxid_buddy_2nd_gate_consumer_00061
buddy_2nd_gate_consumer_00062,wxid_buddy_2nd_gate_consumer_00062
buddy_2nd_gate_consumer_00063,wxid_buddy_2nd_gate_consumer_00063
buddy_2nd_gate_consumer_00064,wxid_buddy_2nd_gate_consumer_00064
buddy_2nd_gate_consumer_00065,wxid_buddy_2nd_gate_consumer_00065
buddy_2nd_gate_consumer_00066,wxid_buddy_2nd_gate_consumer_00066
buddy_2nd_gate_consumer_00067,wxid_buddy_2nd_gate_consumer_00067
buddy_2nd_gate_consumer_00068,wxid_buddy_2nd_gate_consumer_00068
buddy_2nd_gate_consumer_00069,wxid_buddy_2nd_gate_consumer_00069
buddy_2nd_gate_consumer_00070,wxid_buddy_2nd_gate_consumer_00070
buddy_2nd_gate_consumer_00071,wxid_buddy_2nd_gate_consumer_00071
buddy_2nd_gate_consumer_00072,wxid_buddy_2nd_gate_consumer_00072
buddy_2nd_gate_consumer_00073,wxid_buddy_2nd_gate_consumer_00073
buddy_2nd_gate_consumer_00074,wxid_buddy_2nd_gate_consumer_00074
buddy_2nd_gate_consumer_00075,wxid_buddy_2nd_gate_consumer_00075
buddy_2nd_gate_consumer_00076,wxid_buddy_2nd_gate_consumer_00076
buddy_2nd_gate_consumer_00077,wxid_buddy_2nd_gate_consumer_00077
buddy_2nd_gate_consumer_00078,wxid_buddy_2nd_gate_consumer_00078
buddy_2nd_gate_consumer_00079,wxid_buddy_2nd_gate_consumer_00079
buddy_2nd_gate_consumer_00080,wxid_buddy_2nd_gate_consumer_00080
buddy_2nd_gate_consumer_00081,wxid_buddy_2nd_gate_consumer_00081
buddy_2nd_gate_consumer_00082,wxid_buddy_2nd_gate_consumer_00082
buddy_2nd_gate_consumer_00083,wxid_buddy_2nd_gate_consumer_00083
buddy_2nd_gate_consumer_00084,wxid_buddy_2nd_gate_consumer_00084
buddy_2nd_gate_consumer_00085,wxid_buddy_2nd_gate_consumer_00085
buddy_2nd_gate_consumer_00086,wxid_buddy_2nd_gate_consumer_00086
buddy_2nd_gate_consumer_00087,wxid_buddy_2nd_gate_consumer_00087
buddy_2nd_gate_consumer_00088,wxid_buddy_2nd_gate_consumer_00088
buddy_2nd_gate_consumer_00089,wxid_buddy_2nd_gate_consumer_00089
buddy_2nd_gate_consumer_00090,wxid_buddy_2nd_gate_consumer_00090
buddy_2nd_gate_consumer_00091,wxid_buddy_2nd_gate_consumer_00091
buddy_2nd_gate_consumer_00092,wxid_buddy_2nd_gate_consumer_00092
buddy_2nd_gate_consumer_00093,wxid_buddy_2nd_gate_consumer_00093
buddy_2nd_gate_consumer_00094,wxid_buddy_2nd_gate_consumer_00094
buddy_2nd_gate_consumer_00095,wxid_buddy_2nd_gate_consumer_00095
buddy_2nd_gate_consumer_00096,wxid_buddy_2nd_gate_consumer_00096
buddy_2nd_gate_consumer_00097,wxid_buddy_2nd_gate_consumer_00097
buddy_2nd_gate_consumer_00098,wxid_buddy_2nd_gate_consumer_00098
buddy_2nd_gate_consumer_00099,wxid_buddy_2nd_gate_consumer_00099
buddy_2nd_gate_consumer_00100,wxid_buddy_2nd_gate_consumer_00100
buddy_2nd_gate_consumer_00101,wxid_buddy_2nd_gate_consumer_00101
buddy_2nd_gate_consumer_00102,wxid_buddy_2nd_gate_consumer_00102
buddy_2nd_gate_consumer_00103,wxid_buddy_2nd_gate_consumer_00103
buddy_2nd_gate_consumer_00104,wxid_buddy_2nd_gate_consumer_00104
buddy_2nd_gate_consumer_00105,wxid_buddy_2nd_gate_consumer_00105
buddy_2nd_gate_consumer_00106,wxid_buddy_2nd_gate_consumer_00106
buddy_2nd_gate_consumer_00107,wxid_buddy_2nd_gate_consumer_00107
buddy_2nd_gate_consumer_00108,wxid_buddy_2nd_gate_consumer_00108
buddy_2nd_gate_consumer_00109,wxid_buddy_2nd_gate_consumer_00109
buddy_2nd_gate_consumer_00110,wxid_buddy_2nd_gate_consumer_00110
buddy_2nd_gate_consumer_00111,wxid_buddy_2nd_gate_consumer_00111
buddy_2nd_gate_consumer_00112,wxid_buddy_2nd_gate_consumer_00112
buddy_2nd_gate_consumer_00113,wxid_buddy_2nd_gate_consumer_00113
buddy_2nd_gate_consumer_00114,wxid_buddy_2nd_gate_consumer_00114
buddy_2nd_gate_consumer_00115,wxid_buddy_2nd_gate_consumer_00115
buddy_2nd_gate_consumer_00116,wxid_buddy_2nd_gate_consumer_00116
buddy_2nd_gate_consumer_00117,wxid_buddy_2nd_gate_consumer_00117
buddy_2nd_gate_consumer_00118,wxid_buddy_2nd_gate_consumer_00118
buddy_2nd_gate_consumer_00119,wxid_buddy_2nd_gate_consumer_00119
buddy_2nd_gate_consumer_00120,wxid_buddy_2nd_gate_consumer_00120
buddy_2nd_gate_consumer_00121,wxid_buddy_2nd_gate_consumer_00121
buddy_2nd_gate_consumer_00122,wxid_buddy_2nd_gate_consumer_00122
buddy_2nd_gate_consumer_00123,wxid_buddy_2nd_gate_consumer_00123
buddy_2nd_gate_consumer_00124,wxid_buddy_2nd_gate_consumer_00124
buddy_2nd_gate_consumer_00125,wxid_buddy_2nd_gate_consumer_00125
buddy_2nd_gate_consumer_00126,wxid_buddy_2nd_gate_consumer_00126
buddy_2nd_gate_consumer_00127,wxid_buddy_2nd_gate_consumer_00127
buddy_2nd_gate_consumer_00128,wxid_buddy_2nd_gate_consumer_00128
buddy_2nd_gate_consumer_00129,wxid_buddy_2nd_gate_consumer_00129
buddy_2nd_gate_consumer_00130,wxid_buddy_2nd_gate_consumer_00130
buddy_2nd_gate_consumer_00131,wxid_buddy_2nd_gate_consumer_00131
buddy_2nd_gate_consumer_00132,wxid_buddy_2nd_gate_consumer_00132
buddy_2nd_gate_consumer_00133,wxid_buddy_2nd_gate_consumer_00133
buddy_2nd_gate_consumer_00134,wxid_buddy_2nd_gate_consumer_00134
buddy_2nd_gate_consumer_00135,wxid_buddy_2nd_gate_consumer_00135
buddy_2nd_gate_consumer_00136,wxid_buddy_2nd_gate_consumer_00136
buddy_2nd_gate_consumer_00137,wxid_buddy_2nd_gate_consumer_00137
buddy_2nd_gate_consumer_00138,wxid_buddy_2nd_gate_consumer_00138
buddy_2nd_gate_consumer_00139,wxid_buddy_2nd_gate_consumer_00139
buddy_2nd_gate_consumer_00140,wxid_buddy_2nd_gate_consumer_00140
buddy_2nd_gate_consumer_00141,wxid_buddy_2nd_gate_consumer_00141
buddy_2nd_gate_consumer_00142,wxid_buddy_2nd_gate_consumer_00142
buddy_2nd_gate_consumer_00143,wxid_buddy_2nd_gate_consumer_00143
buddy_2nd_gate_consumer_00144,wxid_buddy_2nd_gate_consumer_00144
buddy_2nd_gate_consumer_00145,wxid_buddy_2nd_gate_consumer_00145
buddy_2nd_gate_consumer_00146,wxid_buddy_2nd_gate_consumer_00146
buddy_2nd_gate_consumer_00147,wxid_buddy_2nd_gate_consumer_00147
buddy_2nd_gate_consumer_00148,wxid_buddy_2nd_gate_consumer_00148
buddy_2nd_gate_consumer_00149,wxid_buddy_2nd_gate_consumer_00149
buddy_2nd_gate_consumer_00150,wxid_buddy_2nd_gate_consumer_00150
buddy_2nd_gate_consumer_00151,wxid_buddy_2nd_gate_consumer_00151
buddy_2nd_gate_consumer_00152,wxid_buddy_2nd_gate_consumer_00152
buddy_2nd_gate_consumer_00153,wxid_buddy_2nd_gate_consumer_00153
buddy_2nd_gate_consumer_00154,wxid_buddy_2nd_gate_consumer_00154
buddy_2nd_gate_consumer_00155,wxid_buddy_2nd_gate_consumer_00155
buddy_2nd_gate_consumer_00156,wxid_buddy_2nd_gate_consumer_00156
buddy_2nd_gate_consumer_00157,wxid_buddy_2nd_gate_consumer_00157
buddy_2nd_gate_consumer_00158,wxid_buddy_2nd_gate_consumer_00158
buddy_2nd_gate_consumer_00159,wxid_buddy_2nd_gate_consumer_00159
buddy_2nd_gate_consumer_00160,wxid_buddy_2nd_gate_consumer_00160
buddy_2nd_gate_consumer_00161,wxid_buddy_2nd_gate_consumer_00161
buddy_2nd_gate_consumer_00162,wxid_buddy_2nd_gate_consumer_00162
buddy_2nd_gate_consumer_00163,wxid_buddy_2nd_gate_consumer_00163
buddy_2nd_gate_consumer_00164,wxid_buddy_2nd_gate_consumer_00164
buddy_2nd_gate_consumer_00165,wxid_buddy_2nd_gate_consumer_00165
buddy_2nd_gate_consumer_00166,wxid_buddy_2nd_gate_consumer_00166
buddy_2nd_gate_consumer_00167,wxid_buddy_2nd_gate_consumer_00167
buddy_2nd_gate_consumer_00168,wxid_buddy_2nd_gate_consumer_00168
buddy_2nd_gate_consumer_00169,wxid_buddy_2nd_gate_consumer_00169
buddy_2nd_gate_consumer_00170,wxid_buddy_2nd_gate_consumer_00170
buddy_2nd_gate_consumer_00171,wxid_buddy_2nd_gate_consumer_00171
buddy_2nd_gate_consumer_00172,wxid_buddy_2nd_gate_consumer_00172
buddy_2nd_gate_consumer_00173,wxid_buddy_2nd_gate_consumer_00173
buddy_2nd_gate_consumer_00174,wxid_buddy_2nd_gate_consumer_00174
buddy_2nd_gate_consumer_00175,wxid_buddy_2nd_gate_consumer_00175
buddy_2nd_gate_consumer_00176,wxid_buddy_2nd_gate_consumer_00176
buddy_2nd_gate_consumer_00177,wxid_buddy_2nd_gate_consumer_00177
buddy_2nd_gate_consumer_00178,wxid_buddy_2nd_gate_consumer_00178
buddy_2nd_gate_consumer_00179,wxid_buddy_2nd_gate_consumer_00179
buddy_2nd_gate_consumer_00180,wxid_buddy_2nd_gate_consumer_00180
buddy_2nd_gate_consumer_00181,wxid_buddy_2nd_gate_consumer_00181
buddy_2nd_gate_consumer_00182,wxid_buddy_2nd_gate_consumer_00182
buddy_2nd_gate_consumer_00183,wxid_buddy_2nd_gate_consumer_00183
buddy_2nd_gate_consumer_00184,wxid_buddy_2nd_gate_consumer_00184
buddy_2nd_gate_consumer_00185,wxid_buddy_2nd_gate_consumer_00185
buddy_2nd_gate_consumer_00186,wxid_buddy_2nd_gate_consumer_00186
buddy_2nd_gate_consumer_00187,wxid_buddy_2nd_gate_consumer_00187
buddy_2nd_gate_consumer_00188,wxid_buddy_2nd_gate_consumer_00188
buddy_2nd_gate_consumer_00189,wxid_buddy_2nd_gate_consumer_00189
buddy_2nd_gate_consumer_00190,wxid_buddy_2nd_gate_consumer_00190
buddy_2nd_gate_consumer_00191,wxid_buddy_2nd_gate_consumer_00191
buddy_2nd_gate_consumer_00192,wxid_buddy_2nd_gate_consumer_00192
buddy_2nd_gate_consumer_00193,wxid_buddy_2nd_gate_consumer_00193
buddy_2nd_gate_consumer_00194,wxid_buddy_2nd_gate_consumer_00194
buddy_2nd_gate_consumer_00195,wxid_buddy_2nd_gate_consumer_00195
buddy_2nd_gate_consumer_00196,wxid_buddy_2nd_gate_consumer_00196
buddy_2nd_gate_consumer_00197,wxid_buddy_2nd_gate_consumer_00197
buddy_2nd_gate_consumer_00198,wxid_buddy_2nd_gate_consumer_00198
buddy_2nd_gate_consumer_00199,wxid_buddy_2nd_gate_consumer_00199
buddy_2nd_gate_consumer_00200,wxid_buddy_2nd_gate_consumer_00200
buddy_2nd_gate_consumer_00201,wxid_buddy_2nd_gate_consumer_00201
buddy_2nd_gate_consumer_00202,wxid_buddy_2nd_gate_consumer_00202
buddy_2nd_gate_consumer_00203,wxid_buddy_2nd_gate_consumer_00203
buddy_2nd_gate_consumer_00204,wxid_buddy_2nd_gate_consumer_00204
buddy_2nd_gate_consumer_00205,wxid_buddy_2nd_gate_consumer_00205
buddy_2nd_gate_consumer_00206,wxid_buddy_2nd_gate_consumer_00206
buddy_2nd_gate_consumer_00207,wxid_buddy_2nd_gate_consumer_00207
buddy_2nd_gate_consumer_00208,wxid_buddy_2nd_gate_consumer_00208
buddy_2nd_gate_consumer_00209,wxid_buddy_2nd_gate_consumer_00209
buddy_2nd_gate_consumer_00210,wxid_buddy_2nd_gate_consumer_00210
buddy_2nd_gate_consumer_00211,wxid_buddy_2nd_gate_consumer_00211
buddy_2nd_gate_consumer_00212,wxid_buddy_2nd_gate_consumer_00212
buddy_2nd_gate_consumer_00213,wxid_buddy_2nd_gate_consumer_00213
buddy_2nd_gate_consumer_00214,wxid_buddy_2nd_gate_consumer_00214
buddy_2nd_gate_consumer_00215,wxid_buddy_2nd_gate_consumer_00215
buddy_2nd_gate_consumer_00216,wxid_buddy_2nd_gate_consumer_00216
buddy_2nd_gate_consumer_00217,wxid_buddy_2nd_gate_consumer_00217
buddy_2nd_gate_consumer_00218,wxid_buddy_2nd_gate_consumer_00218
buddy_2nd_gate_consumer_00219,wxid_buddy_2nd_gate_consumer_00219
buddy_2nd_gate_consumer_00220,wxid_buddy_2nd_gate_consumer_00220
buddy_2nd_gate_consumer_00221,wxid_buddy_2nd_gate_consumer_00221
buddy_2nd_gate_consumer_00222,wxid_buddy_2nd_gate_consumer_00222
buddy_2nd_gate_consumer_00223,wxid_buddy_2nd_gate_consumer_00223
buddy_2nd_gate_consumer_00224,wxid_buddy_2nd_gate_consumer_00224
buddy_2nd_gate_consumer_00225,wxid_buddy_2nd_gate_consumer_00225
buddy_2nd_gate_consumer_00226,wxid_buddy_2nd_gate_consumer_00226
buddy_2nd_gate_consumer_00227,wxid_buddy_2nd_gate_consumer_00227
buddy_2nd_gate_consumer_00228,wxid_buddy_2nd_gate_consumer_00228
buddy_2nd_gate_consumer_00229,wxid_buddy_2nd_gate_consumer_00229
buddy_2nd_gate_consumer_00230,wxid_buddy_2nd_gate_consumer_00230
buddy_2nd_gate_consumer_00231,wxid_buddy_2nd_gate_consumer_00231
buddy_2nd_gate_consumer_00232,wxid_buddy_2nd_gate_consumer_00232
buddy_2nd_gate_consumer_00233,wxid_buddy_2nd_gate_consumer_00233
buddy_2nd_gate_consumer_00234,wxid_buddy_2nd_gate_consumer_00234
buddy_2nd_gate_consumer_00235,wxid_buddy_2nd_gate_consumer_00235
buddy_2nd_gate_consumer_00236,wxid_buddy_2nd_gate_consumer_00236
buddy_2nd_gate_consumer_00237,wxid_buddy_2nd_gate_consumer_00237
buddy_2nd_gate_consumer_00238,wxid_buddy_2nd_gate_consumer_00238
buddy_2nd_gate_consumer_00239,wxid_buddy_2nd_gate_consumer_00239
buddy_2nd_gate_consumer_00240,wxid_buddy_2nd_gate_consumer_00240
buddy_2nd_gate_consumer_00241,wxid_buddy_2nd_gate_consumer_00241
buddy_2nd_gate_consumer_00242,wxid_buddy_2nd_gate_consumer_00242
buddy_2nd_gate_consumer_00243,wxid_buddy_2nd_gate_consumer_00243
buddy_2nd_gate_consumer_00244,wxid_buddy_2nd_gate_consumer_00244
buddy_2nd_gate_consumer_00245,wxid_buddy_2nd_gate_consumer_00245
buddy_2nd_gate_consumer_00246,wxid_buddy_2nd_gate_consumer_00246
buddy_2nd_gate_consumer_00247,wxid_buddy_2nd_gate_consumer_00247
buddy_2nd_gate_consumer_00248,wxid_buddy_2nd_gate_consumer_00248
buddy_2nd_gate_consumer_00249,wxid_buddy_2nd_gate_consumer_00249
buddy_2nd_gate_consumer_00250,wxid_buddy_2nd_gate_consumer_00250
buddy_2nd_gate_consumer_00251,wxid_buddy_2nd_gate_consumer_00251
buddy_2nd_gate_consumer_00252,wxid_buddy_2nd_gate_consumer_00252
buddy_2nd_gate_consumer_00253,wxid_buddy_2nd_gate_consumer_00253
buddy_2nd_gate_consumer_00254,wxid_buddy_2nd_gate_consumer_00254
buddy_2nd_gate_consumer_00255,wxid_buddy_2nd_gate_consumer_00255
buddy_2nd_gate_consumer_00256,wxid_buddy_2nd_gate_consumer_00256
buddy_2nd_gate_consumer_00257,wxid_buddy_2nd_gate_consumer_00257
buddy_2nd_gate_consumer_00258,wxid_buddy_2nd_gate_consumer_00258
buddy_2nd_gate_consumer_00259,wxid_buddy_2nd_gate_consumer_00259
buddy_2nd_gate_consumer_00260,wxid_buddy_2nd_gate_consumer_00260
buddy_2nd_gate_consumer_00261,wxid_buddy_2nd_gate_consumer_00261
buddy_2nd_gate_consumer_00262,wxid_buddy_2nd_gate_consumer_00262
buddy_2nd_gate_consumer_00263,wxid_buddy_2nd_gate_consumer_00263
buddy_2nd_gate_consumer_00264,wxid_buddy_2nd_gate_consumer_00264
buddy_2nd_gate_consumer_00265,wxid_buddy_2nd_gate_consumer_00265
buddy_2nd_gate_consumer_00266,wxid_buddy_2nd_gate_consumer_00266
buddy_2nd_gate_consumer_00267,wxid_buddy_2nd_gate_consumer_00267
buddy_2nd_gate_consumer_00268,wxid_buddy_2nd_gate_consumer_00268
buddy_2nd_gate_consumer_00269,wxid_buddy_2nd_gate_consumer_00269
buddy_2nd_gate_consumer_00270,wxid_buddy_2nd_gate_consumer_00270
buddy_2nd_gate_consumer_00271,wxid_buddy_2nd_gate_consumer_00271
buddy_2nd_gate_consumer_00272,wxid_buddy_2nd_gate_consumer_00272
buddy_2nd_gate_consumer_00273,wxid_buddy_2nd_gate_consumer_00273
buddy_2nd_gate_consumer_00274,wxid_buddy_2nd_gate_consumer_00274
buddy_2nd_gate_consumer_00275,wxid_buddy_2nd_gate_consumer_00275
buddy_2nd_gate_consumer_00276,wxid_buddy_2nd_gate_consumer_00276
buddy_2nd_gate_consumer_00277,wxid_buddy_2nd_gate_consumer_00277
buddy_2nd_gate_consumer_00278,wxid_buddy_2nd_gate_consumer_00278
buddy_2nd_gate_consumer_00279,wxid_buddy_2nd_gate_consumer_00279
buddy_2nd_gate_consumer_00280,wxid_buddy_2nd_gate_consumer_00280
buddy_2nd_gate_consumer_00281,wxid_buddy_2nd_gate_consumer_00281
buddy_2nd_gate_consumer_00282,wxid_buddy_2nd_gate_consumer_00282
buddy_2nd_gate_consumer_00283,wxid_buddy_2nd_gate_consumer_00283
buddy_2nd_gate_consumer_00284,wxid_buddy_2nd_gate_consumer_00284
buddy_2nd_gate_consumer_00285,wxid_buddy_2nd_gate_consumer_00285
buddy_2nd_gate_consumer_00286,wxid_buddy_2nd_gate_consumer_00286
buddy_2nd_gate_consumer_00287,wxid_buddy_2nd_gate_consumer_00287
buddy_2nd_gate_consumer_00288,wxid_buddy_2nd_gate_consumer_00288
buddy_2nd_gate_consumer_00289,wxid_buddy_2nd_gate_consumer_00289
buddy_2nd_gate_consumer_00290,wxid_buddy_2nd_gate_consumer_00290
buddy_2nd_gate_consumer_00291,wxid_buddy_2nd_gate_consumer_00291
buddy_2nd_gate_consumer_00292,wxid_buddy_2nd_gate_consumer_00292
buddy_2nd_gate_consumer_00293,wxid_buddy_2nd_gate_consumer_00293
buddy_2nd_gate_consumer_00294,wxid_buddy_2nd_gate_consumer_00294
buddy_2nd_gate_consumer_00295,wxid_buddy_2nd_gate_consumer_00295
buddy_2nd_gate_consumer_00296,wxid_buddy_2nd_gate_consumer_00296
buddy_2nd_gate_consumer_00297,wxid_buddy_2nd_gate_consumer_00297
buddy_2nd_gate_consumer_00298,wxid_buddy_2nd_gate_consumer_00298
buddy_2nd_gate_consumer_00299,wxid_buddy_2nd_gate_consumer_00299
buddy_2nd_gate_consumer_00300,wxid_buddy_2nd_gate_consumer_00300
buddy_2nd_gate_consumer_00301,wxid_buddy_2nd_gate_consumer_00301
buddy_2nd_gate_consumer_00302,wxid_buddy_2nd_gate_consumer_00302
buddy_2nd_gate_consumer_00303,wxid_buddy_2nd_gate_consumer_00303
buddy_2nd_gate_consumer_00304,wxid_buddy_2nd_gate_consumer_00304
buddy_2nd_gate_consumer_00305,wxid_buddy_2nd_gate_consumer_00305
buddy_2nd_gate_consumer_00306,wxid_buddy_2nd_gate_consumer_00306
buddy_2nd_gate_consumer_00307,wxid_buddy_2nd_gate_consumer_00307
buddy_2nd_gate_consumer_00308,wxid_buddy_2nd_gate_consumer_00308
buddy_2nd_gate_consumer_00309,wxid_buddy_2nd_gate_consumer_00309
buddy_2nd_gate_consumer_00310,wxid_buddy_2nd_gate_consumer_00310
buddy_2nd_gate_consumer_00311,wxid_buddy_2nd_gate_consumer_00311
buddy_2nd_gate_consumer_00312,wxid_buddy_2nd_gate_consumer_00312
buddy_2nd_gate_consumer_00313,wxid_buddy_2nd_gate_consumer_00313
buddy_2nd_gate_consumer_00314,wxid_buddy_2nd_gate_consumer_00314
buddy_2nd_gate_consumer_00315,wxid_buddy_2nd_gate_consumer_00315
buddy_2nd_gate_consumer_00316,wxid_buddy_2nd_gate_consumer_00316
buddy_2nd_gate_consumer_00317,wxid_buddy_2nd_gate_consumer_00317
buddy_2nd_gate_consumer_00318,wxid_buddy_2nd_gate_consumer_00318
buddy_2nd_gate_consumer_00319,wxid_buddy_2nd_gate_consumer_00319
buddy_2nd_gate_consumer_00320,wxid_buddy_2nd_gate_consumer_00320
buddy_2nd_gate_consumer_00321,wxid_buddy_2nd_gate_consumer_00321
buddy_2nd_gate_consumer_00322,wxid_buddy_2nd_gate_consumer_00322
buddy_2nd_gate_consumer_00323,wxid_buddy_2nd_gate_consumer_00323
buddy_2nd_gate_consumer_00324,wxid_buddy_2nd_gate_consumer_00324
buddy_2nd_gate_consumer_00325,wxid_buddy_2nd_gate_consumer_00325
buddy_2nd_gate_consumer_00326,wxid_buddy_2nd_gate_consumer_00326
buddy_2nd_gate_consumer_00327,wxid_buddy_2nd_gate_consumer_00327
buddy_2nd_gate_consumer_00328,wxid_buddy_2nd_gate_consumer_00328
buddy_2nd_gate_consumer_00329,wxid_buddy_2nd_gate_consumer_00329
buddy_2nd_gate_consumer_00330,wxid_buddy_2nd_gate_consumer_00330
buddy_2nd_gate_consumer_00331,wxid_buddy_2nd_gate_consumer_00331
buddy_2nd_gate_consumer_00332,wxid_buddy_2nd_gate_consumer_00332
buddy_2nd_gate_consumer_00333,wxid_buddy_2nd_gate_consumer_00333
buddy_2nd_gate_consumer_00334,wxid_buddy_2nd_gate_consumer_00334
buddy_2nd_gate_consumer_00335,wxid_buddy_2nd_gate_consumer_00335
buddy_2nd_gate_consumer_00336,wxid_buddy_2nd_gate_consumer_00336
buddy_2nd_gate_consumer_00337,wxid_buddy_2nd_gate_consumer_00337
buddy_2nd_gate_consumer_00338,wxid_buddy_2nd_gate_consumer_00338
buddy_2nd_gate_consumer_00339,wxid_buddy_2nd_gate_consumer_00339
buddy_2nd_gate_consumer_00340,wxid_buddy_2nd_gate_consumer_00340
buddy_2nd_gate_consumer_00341,wxid_buddy_2nd_gate_consumer_00341
buddy_2nd_gate_consumer_00342,wxid_buddy_2nd_gate_consumer_00342
buddy_2nd_gate_consumer_00343,wxid_buddy_2nd_gate_consumer_00343
buddy_2nd_gate_consumer_00344,wxid_buddy_2nd_gate_consumer_00344
buddy_2nd_gate_consumer_00345,wxid_buddy_2nd_gate_consumer_00345
buddy_2nd_gate_consumer_00346,wxid_buddy_2nd_gate_consumer_00346
buddy_2nd_gate_consumer_00347,wxid_buddy_2nd_gate_consumer_00347
buddy_2nd_gate_consumer_00348,wxid_buddy_2nd_gate_consumer_00348
buddy_2nd_gate_consumer_00349,wxid_buddy_2nd_gate_consumer_00349
buddy_2nd_gate_consumer_00350,wxid_buddy_2nd_gate_consumer_00350
buddy_2nd_gate_consumer_00351,wxid_buddy_2nd_gate_consumer_00351
buddy_2nd_gate_consumer_00352,wxid_buddy_2nd_gate_consumer_00352
buddy_2nd_gate_consumer_00353,wxid_buddy_2nd_gate_consumer_00353
buddy_2nd_gate_consumer_00354,wxid_buddy_2nd_gate_consumer_00354
buddy_2nd_gate_consumer_00355,wxid_buddy_2nd_gate_consumer_00355
buddy_2nd_gate_consumer_00356,wxid_buddy_2nd_gate_consumer_00356
buddy_2nd_gate_consumer_00357,wxid_buddy_2nd_gate_consumer_00357
buddy_2nd_gate_consumer_00358,wxid_buddy_2nd_gate_consumer_00358
buddy_2nd_gate_consumer_00359,wxid_buddy_2nd_gate_consumer_00359
buddy_2nd_gate_consumer_00360,wxid_buddy_2nd_gate_consumer_00360
buddy_2nd_gate_consumer_00361,wxid_buddy_2nd_gate_consumer_00361
buddy_2nd_gate_consumer_00362,wxid_buddy_2nd_gate_consumer_00362
buddy_2nd_gate_consumer_00363,wxid_buddy_2nd_gate_consumer_00363
buddy_2nd_gate_consumer_00364,wxid_buddy_2nd_gate_consumer_00364
buddy_2nd_gate_consumer_00365,wxid_buddy_2nd_gate_consumer_00365
buddy_2nd_gate_consumer_00366,wxid_buddy_2nd_gate_consumer_00366
buddy_2nd_gate_consumer_00367,wxid_buddy_2nd_gate_consumer_00367
buddy_2nd_gate_consumer_00368,wxid_buddy_2nd_gate_consumer_00368
buddy_2nd_gate_consumer_00369,wxid_buddy_2nd_gate_consumer_00369
buddy_2nd_gate_consumer_00370,wxid_buddy_2nd_gate_consumer_00370
buddy_2nd_gate_consumer_00371,wxid_buddy_2nd_gate_consumer_00371
buddy_2nd_gate_consumer_00372,wxid_buddy_2nd_gate_consumer_00372
buddy_2nd_gate_consumer_00373,wxid_buddy_2nd_gate_consumer_00373
buddy_2nd_gate_consumer_00374,wxid_buddy_2nd_gate_consumer_00374
buddy_2nd_gate_consumer_00375,wxid_buddy_2nd_gate_consumer_00375
buddy_2nd_gate_consumer_00376,wxid_buddy_2nd_gate_consumer_00376
buddy_2nd_gate_consumer_00377,wxid_buddy_2nd_gate_consumer_00377
buddy_2nd_gate_consumer_00378,wxid_buddy_2nd_gate_consumer_00378
buddy_2nd_gate_consumer_00379,wxid_buddy_2nd_gate_consumer_00379
buddy_2nd_gate_consumer_00380,wxid_buddy_2nd_gate_consumer_00380
buddy_2nd_gate_consumer_00381,wxid_buddy_2nd_gate_consumer_00381
buddy_2nd_gate_consumer_00382,wxid_buddy_2nd_gate_consumer_00382
buddy_2nd_gate_consumer_00383,wxid_buddy_2nd_gate_consumer_00383
buddy_2nd_gate_consumer_00384,wxid_buddy_2nd_gate_consumer_00384
buddy_2nd_gate_consumer_00385,wxid_buddy_2nd_gate_consumer_00385
buddy_2nd_gate_consumer_00386,wxid_buddy_2nd_gate_consumer_00386
buddy_2nd_gate_consumer_00387,wxid_buddy_2nd_gate_consumer_00387
buddy_2nd_gate_consumer_00388,wxid_buddy_2nd_gate_consumer_00388
buddy_2nd_gate_consumer_00389,wxid_buddy_2nd_gate_consumer_00389
buddy_2nd_gate_consumer_00390,wxid_buddy_2nd_gate_consumer_00390
buddy_2nd_gate_consumer_00391,wxid_buddy_2nd_gate_consumer_00391
buddy_2nd_gate_consumer_00392,wxid_buddy_2nd_gate_consumer_00392
buddy_2nd_gate_consumer_00393,wxid_buddy_2nd_gate_consumer_00393
buddy_2nd_gate_consumer_00394,wxid_buddy_2nd_gate_consumer_00394
buddy_2nd_gate_consumer_00395,wxid_buddy_2nd_gate_consumer_00395
buddy_2nd_gate_consumer_00396,wxid_buddy_2nd_gate_consumer_00396
buddy_2nd_gate_consumer_00397,wxid_buddy_2nd_gate_consumer_00397
buddy_2nd_gate_consumer_00398,wxid_buddy_2nd_gate_consumer_00398
buddy_2nd_gate_consumer_00399,wxid_buddy_2nd_gate_consumer_00399
buddy_2nd_gate_consumer_00400,wxid_buddy_2nd_gate_consumer_00400